leg,start_time_s,end_time_s,duration_s,exceeds_off_debounce,bounded_by_recontact
fl,0.099088593,0.111060229,0.011971636,False,True
fl,0.222324572,1.735228561,1.512903989,True,True
fl,3.271926163,4.626009769,1.354083606,True,True
fl,6.146762176,7.49019798,1.343435804,True,True
fl,9.031657641,10.37445569,1.342798049,True,True
fl,11.916207068,13.256731092,1.340524024,True,True
fl,14.800743785,16.13916766,1.338423875,True,True
fl,17.676750933,19.024004767,1.347253834,True,True
fl,20.551220899,21.890855528,1.339634629,True,True
fl,23.430233135,24.767490143,1.337257008,True,True
fl,26.308648549,27.653676494,1.345027945,True,True
fl,29.195402856,30.533789365,1.338386509,True,True
fl,32.072793942,33.415049866,1.342255924,True,True
fl,34.950449094,36.301625249,1.351176155,True,True
fl,37.840665467,39.177109308,1.336443841,True,True
fl,40.719987596,42.057619214,1.337631618,True,True
fl,43.605525152,44.942336376,1.336811224,True,True
fl,46.482995793,47.8131499,1.330154107,True,True
fl,49.363069341,50.700090324,1.337020983,True,True
fl,52.232845375,53.570263637,1.337418262,True,True
fl,55.108726747,56.448152639,1.339425892,True,True
fl,57.991784663,59.335384151,1.343599488,True,True
fl,60.872010474,62.212643761,1.340633287,True,True
fl,63.75323401,65.089853913,1.336619903,True,True
fl,66.638667306,67.979801234,1.341133928,True,True
fl,69.51991585,70.862042667,1.342126817,True,True
fl,72.400643859,73.729358802,1.328714943,True,True
fl,75.270028782,76.612880163,1.342851381,True,True
fl,78.15027911,79.50101868,1.35073957,True,True
fl,81.040715055,82.377948902,1.337233847,True,True
fr,1.832982673,3.183130366,1.350147693,True,True
fr,4.715119468,6.044248323,1.329128855,True,True
fr,7.589356961,8.934434601,1.34507764,True,True
fr,10.472989547,11.816943447,1.3439539,True,True
fr,13.357286666,14.702030617,1.344743951,True,True
fr,16.236053441,17.579590123,1.343536682,True,True
fr,19.127589497,20.452573841,1.324984344,True,True
fr,21.989644977,23.331426363,1.341781386,True,True
fr,24.87808529,26.207864323,1.329779033,True,True
fr,27.750834706,29.095805511,1.344970805,True,True
fr,30.633100352,31.975609245,1.342508893,True,True
fr,33.514026947,34.850117293,1.336090346,True,True
fr,36.392447666,37.74169762,1.349249954,True,True
fr,39.275474592,40.618785542,1.34331095,True,True
fr,42.157673179,43.499993697,1.342320518,True,True
fr,45.03991227,46.383153563,1.343241293,True,True
fr,47.921959839,49.265124179,1.34316434,True,True
fr,50.800714659,52.136724795,1.336010136,True,True
fr,53.668364515,55.010350499,1.341985984,True,True
fr,56.549018714,57.894366977,1.345348263,True,True
fr,59.425741629,60.772369913,1.346628284,True,True
fr,62.31675085,63.653612061,1.336861211,True,True
fr,65.197073504,66.528747612,1.331674108,True,True
fr,68.078556937,69.422069358,1.343512421,True,True
fr,70.963272509,72.299163515,1.335891006,True,True
fr,73.828404223,75.179599817,1.351195594,True,True
fr,76.713802981,78.048779976,1.334976995,True,True
fr,79.597977138,80.941411441,1.343434303,True,True
fr,82.47631407,,,,False
rl,2.530354371,2.678281825,0.147927454,True,True
rl,5.412123231,5.556561022,0.144437791,True,True
rl,8.267031759,8.410709534,0.143677775,True,True
rl,11.157860604,11.310772299,0.152911695,True,True
rl,14.046141476,14.189148637,0.143007161,True,True
rl,16.938184491,17.079602916,0.141418425,True,True
rl,19.819484974,19.950665946,0.131180972,True,True
rl,22.662766171,22.807299733,0.144533562,True,True
rl,25.546973625,25.692308099,0.145334474,True,True
rl,28.439956846,28.575385391,0.135428545,True,True
rl,31.31692574,31.46263728,0.14571154,True,True
rl,34.189644604,34.334880654,0.14523605,True,True
rl,37.068919617,37.213620863,0.144701246,True,True
rl,39.9606397,40.10491562,0.14427592,True,True
rl,42.82686469,42.985695205,0.158830515,True,True
rl,45.708179458,45.861956035,0.153776577,True,True
rl,48.601681772,48.752888766,0.151206994,True,True
rl,51.497513749,51.617282737,0.119768988,False,True
rl,54.357860155,54.500386468,0.142526313,True,True
rl,57.22755896,57.372011492,0.144452532,True,True
rl,60.103163165,60.253128306,0.149965141,True,True
rl,62.981548741,63.136129985,0.154581244,True,True
rl,65.866187954,66.006459417,0.140271463,True,True
rl,68.757394254,68.91401912,0.156624866,True,True
rl,71.648605488,71.800028687,0.151423199,True,True
rl,74.539460297,74.650875763,0.111415466,False,True
rl,77.400367189,77.531687885,0.131320696,True,True
rl,80.283658598,80.427307133,0.143648535,True,True
rl,83.166817833,,,,False
rr,0.099088593,0.155007073,0.05591848,False,True
rr,1.075724544,1.21069196,0.134967416,True,True
rr,3.955774922,4.095981621,0.140206699,True,True
rr,6.847654704,6.970877647,0.123222943,True,True
rr,9.706613511,9.852783567,0.146170056,True,True
rr,12.583479468,12.739538306,0.156058838,True,True
rr,15.473187122,15.626174474,0.152987352,True,True
rr,18.352845337,18.497203134,0.144357797,True,True
rr,21.252583521,21.399147033,0.146563512,True,True
rr,24.124745422,24.277709062,0.15296364,True,True
rr,27.002104244,27.143845057,0.141740813,True,True
rr,29.879054547,30.022625398,0.143570851,True,True
rr,32.746500785,32.890914384,0.144413599,True,True
rr,35.623990864,35.777701163,0.153710299,True,True
rr,38.508706791,38.652974663,0.144267872,True,True
rr,41.387426011,41.535992918,0.148566907,True,True
rr,44.268328549,44.41168868,0.143360131,True,True
rr,47.173589369,47.331203631,0.157614262,True,True
rr,50.033411167,50.177600466,0.144189299,True,True
rr,52.920062828,53.063976502,0.143913674,True,True
rr,55.79777898,55.942554849,0.144775869,True,True
rr,58.689147494,58.821780952,0.132633458,True,True
rr,61.547664802,61.688150433,0.140485631,True,True
rr,64.449385514,64.597542066,0.148156552,True,True
rr,67.301480354,67.449176363,0.147696009,True,True
rr,70.190848887,70.33799276,0.147143873,True,True
rr,73.103902827,73.24619936,0.142296533,True,True
rr,75.949862592,76.085491737,0.135629145,True,True
rr,78.822982794,78.977599222,0.154616428,True,True
rr,81.726864263,81.872159399,0.145295136,True,True
